Chr	Pos	Ref	Alt	Label	Score
19	49686010	C	T	0.0	0.0258
18	48591888	G	T	1.0	0.9986
7	6441986	G	A	1.0	0.9958
2	51255218	C	T	0.0	0.7185
19	10610277	T	A	1.0	0.9883
1	248487019	C	T	0.0	0.0233
17	47696644	A	T	1.0	0.9797
8	131922105	G	C	0.0	0.9903
17	7578464	G	C	1.0	0.9953
3	178916945	A	G	1.0	0.9961
2	21257724	C	T	0.0	0.0282
2	105889407	G	A	0.0	0.0295
19	38877720	A	G	0.0	0.0253
6	86324547	T	A	0.0	0.2635
11	534289	C	G	1.0	0.9985
3	147128064	G	C	0.0	0.0228
5	147030044	C	T	0.0	0.7670
10	135178172	G	A	0.0	0.7867
3	38640450	C	T	0.0	0.4037
1	198509734	T	C	0.0	0.9129
18	48591903	C	T	1.0	0.9970
2	228884549	G	T	0.0	0.1770
19	29698751	G	A	0.0	0.8374
6	31838420	G	A	0.0	0.8864
10	89692918	G	C	1.0	0.9989
17	7577506	C	T	1.0	0.9937
15	66774132	A	T	1.0	0.9852
12	112926249	C	G	1.0	0.9730
19	52716081	G	A	1.0	0.9957
1	180080243	A	G	0.0	0.0226
10	123258049	G	C	1.0	0.9982
6	63989979	C	G	0.0	0.8609
4	55594211	G	A	1.0	0.9922
4	7770734	G	A	0.0	0.3558
2	143713800	G	A	0.0	0.9499
2	170097843	C	T	0.0	0.9184
X	69646793	C	T	0.0	0.0573
11	117859131	T	G	0.0	0.1287
1	201798345	C	T	0.0	0.0719
17	7573983	C	A	1.0	0.9128
4	162697178	A	G	0.0	0.9544
10	115350393	C	T	0.0	0.7699
12	78522569	C	A	0.0	0.3048
17	7578541	A	G	1.0	0.9988
18	48591888	G	C	1.0	0.9986
3	49405959	G	T	1.0	0.9988
15	75647145	G	A	0.0	0.0231
22	22890969	C	A	0.0	0.0264
17	3919740	C	A	0.0	0.0563
19	9204347	C	A	0.0	0.0235
19	58601733	G	T	0.0	0.0251
17	47696450	A	T	1.0	0.9622
18	48591930	G	C	1.0	0.9981
12	308033	G	A	0.0	0.9495
11	64877390	G	A	0.0	0.4780
16	81888159	A	T	0.0	0.0240
22	41566475	A	C	1.0	0.9475
5	161113252	G	A	0.0	0.1788
2	98906990	G	A	0.0	0.0283
17	7577557	A	G	1.0	0.9989
X	46915517	G	C	0.0	0.9563
5	31323317	G	T	0.0	0.1581
2	198267481	T	G	1.0	0.9959
1	986959	G	A	0.0	0.0234
3	39159627	G	A	0.0	0.0696
6	52662432	C	T	0.0	0.0708
11	102820906	A	G	0.0	0.7526
1	196884098	A	C	0.0	0.0345
1	89657186	T	C	0.0	0.0238
20	61828078	C	G	0.0	0.2133
9	27949241	C	G	0.0	0.9370
3	49412941	C	A	1.0	0.9982
6	16130808	C	G	0.0	0.9340
1	243319635	G	A	0.0	0.2264
3	178928067	C	T	1.0	0.9822
3	10183776	G	C	1.0	0.9972
3	49412958	A	C	1.0	0.9985
5	13920716	C	T	0.0	0.0249
11	70507767	C	G	0.0	0.1600
19	10610306	C	T	1.0	0.9577
22	43616527	T	G	0.0	0.0585
5	176079900	T	G	0.0	0.3663
15	31340097	T	C	0.0	0.5728
7	120610799	A	T	0.0	0.0455
3	10280433	T	C	0.0	0.0246
15	90349393	C	T	0.0	0.0293
12	99166870	C	G	0.0	0.9599
17	7574033	T	A	1.0	0.9864
3	56658618	T	C	0.0	0.0313
5	156349204	C	A	0.0	0.0224
17	11642272	C	T	0.0	0.1136
5	110710585	T	G	0.0	0.9935
3	52651349	C	T	1.0	0.9513
7	73511035	G	A	0.0	0.2733
19	22256355	C	A	0.0	0.0318
17	7577569	A	T	1.0	0.9989
8	72229853	G	A	0.0	0.7572
18	50683801	G	A	1.0	0.9140
5	31305281	C	T	0.0	0.0230
3	10188264	T	A	1.0	0.9929
8	87683244	G	T	0.0	0.0304
3	10188209	C	T	1.0	0.9976
10	89692892	G	A	1.0	0.9989
3	111319593	G	A	0.0	0.0261
11	57075888	C	A	0.0	0.0224
17	76521189	C	T	0.0	0.0480
11	124618415	C	T	0.0	0.1134
17	7577073	G	A	1.0	0.1070
3	9845628	G	C	0.0	0.2954
19	10600426	C	T	1.0	0.9987
2	65543912	G	A	0.0	0.0511
15	72119237	G	A	0.0	0.1432
5	78608277	C	A	0.0	0.5201
20	45131519	C	A	0.0	0.0291
4	6107519	G	A	0.0	0.0329
15	71124594	C	T	0.0	0.0220
1	204228761	C	T	0.0	0.1189
6	130476046	C	T	0.0	0.8340
4	153247244	C	G	1.0	0.9987
11	129993624	G	T	0.0	0.6996
7	3678739	G	A	0.0	0.8257
19	45867774	T	C	1.0	0.9305
16	68844182	A	G	1.0	0.9818
7	142649596	C	T	0.0	0.0254
11	17809725	C	G	0.0	0.0238
19	39976891	C	T	0.0	0.3790
8	141810606	G	A	0.0	0.9574
18	48591925	G	A	1.0	0.9982
11	10517157	C	T	0.0	0.4140
3	140122627	G	C	0.0	0.9533
7	151962208	G	T	1.0	0.9812
7	47384421	C	A	0.0	0.0255
2	185803623	C	T	0.0	0.1535
1	120351358	A	T	0.0	0.1768
17	7577139	G	C	1.0	0.9987
9	139412381	G	T	1.0	0.8330
1	52250182	A	G	0.0	0.9668
3	49405921	A	G	1.0	0.9988
3	33059966	C	T	0.0	0.9268
2	198267491	C	G	1.0	0.9878
12	121972449	C	T	0.0	0.9543
12	56492632	G	C	1.0	0.9737
18	77895502	G	C	0.0	0.7731
17	1798346	G	T	0.0	0.0769
11	533553	T	C	1.0	0.9911
7	151962204	C	G	1.0	0.9548
8	145626366	A	G	0.0	0.8983
18	50705378	G	T	1.0	0.8317
16	20043656	T	C	0.0	0.0230
10	89693001	A	T	1.0	0.9988
3	41274911	T	G	1.0	0.9970
12	21695523	C	G	0.0	0.9870
19	45998231	G	A	0.0	0.0503
7	55241708	G	A	1.0	0.9976
8	144940776	C	T	0.0	0.0277
8	39114753	C	A	0.0	0.0414
17	7578274	T	C	1.0	0.9968
17	7577532	G	C	1.0	0.9988
14	23884676	C	T	0.0	0.6543
6	26124513	G	C	0.0	0.7197
9	131708429	C	T	0.0	0.9056
1	12123708	C	T	0.0	0.0495
12	11139452	G	C	0.0	0.0220
4	153247289	G	T	1.0	0.9983
22	41565534	T	G	1.0	0.9762
2	189901361	T	A	0.0	0.7549
8	145619157	G	A	0.0	0.1116
15	41046881	C	T	0.0	0.0357
3	178916861	T	C	1.0	0.9940
12	49176905	C	T	0.0	0.0335
17	7578498	C	A	1.0	0.9986
16	11855302	C	T	0.0	0.9142
1	180243566	C	G	0.0	0.0226
11	18319125	C	T	0.0	0.3199
1	186026410	A	C	0.0	0.7043
17	47696433	G	C	1.0	0.9242
2	219127845	C	A	0.0	0.0633
7	95157284	C	T	0.0	0.0433
5	36679892	C	T	0.0	0.9510
1	173493920	T	C	0.0	0.1178
11	113673938	C	A	0.0	0.9643
7	128488974	C	T	0.0	0.9094
6	102069857	T	G	0.0	0.1771
1	248202185	C	G	0.0	0.0225
17	7193791	G	A	0.0	0.1600
17	40843425	C	T	0.0	0.0535
4	153249385	G	C	1.0	0.9984
4	119979067	G	T	0.0	0.4956
10	89692992	G	A	1.0	0.9989
3	44882590	C	G	0.0	0.0281
10	89692778	T	C	1.0	0.9987
17	19720091	A	C	0.0	0.3753
10	89692818	T	A	1.0	0.9988
14	70633711	C	A	0.0	0.8894
1	147091046	C	T	1.0	0.9567
11	20119229	C	G	0.0	0.9088
11	56143745	G	A	0.0	0.0222
7	55260505	A	G	1.0	0.9968
17	10438500	C	A	0.0	0.7487
10	89624271	A	C	1.0	0.9983
2	29390371	A	T	0.0	0.1015
10	89692882	T	G	1.0	0.9986
3	10183794	G	T	1.0	0.9978
11	62649491	G	A	0.0	0.9409
2	160811818	G	T	0.0	0.0920
X	63445469	A	G	0.0	0.9126
16	31424561	C	A	0.0	0.0256
10	135123381	C	T	0.0	0.0652
18	48591933	C	A	1.0	0.9970
19	54760149	C	T	0.0	0.0259
11	26719966	G	A	0.0	0.0515
10	123298115	C	A	1.0	0.9893
9	118949883	A	G	0.0	0.0231
18	48591892	G	C	1.0	0.9977
1	86173517	C	G	0.0	0.0258
1	158636282	G	T	0.0	0.0226
3	41274920	T	G	1.0	0.9932
8	145726094	C	T	0.0	0.1281
10	13698952	G	C	0.0	0.1099
11	118425227	G	A	0.0	0.0507
14	24886579	T	G	0.0	0.2354
18	48591889	A	C	1.0	0.9985
2	198265462	C	A	1.0	0.9496
10	89692790	G	C	1.0	0.9988
7	151962208	G	C	1.0	0.9817
9	130427557	C	A	0.0	0.2295
17	7578239	C	G	1.0	0.4653
5	67591097	A	G	1.0	0.9975
7	151962256	C	T	1.0	0.9578
1	11188078	C	G	1.0	0.7853
18	77659371	C	T	0.0	0.0280
12	50749666	G	C	0.0	0.0255
17	42855203	G	A	0.0	0.0423
7	55221765	A	G	1.0	0.9960
19	45855835	G	A	1.0	0.9192
7	55241711	C	G	1.0	0.9964
1	160968669	G	T	0.0	0.0506
17	60484452	T	C	0.0	0.0476
9	139412299	C	T	1.0	0.9459
2	178098806	G	C	1.0	0.9937
1	115256437	C	T	1.0	0.9926
17	7574017	C	G	1.0	0.9957
15	66729154	G	C	1.0	0.9986
17	37374383	C	A	0.0	0.7468
9	77376977	G	A	0.0	0.0221
X	48934319	C	T	0.0	0.3227
4	68780403	C	T	0.0	0.0695
17	41368531	G	A	0.0	0.0257
14	58785277	G	A	0.0	0.8940
X	107170185	C	G	0.0	0.0451
10	34636986	C	T	0.0	0.4356
21	22841089	T	G	0.0	0.5570
19	10600408	G	A	1.0	0.9925
10	70644504	C	T	0.0	0.9189
2	178098803	C	G	1.0	0.6231
8	100479783	G	A	0.0	0.0893
7	6426904	A	T	1.0	0.9987
10	89692790	G	T	1.0	0.9988
14	95557642	C	T	1.0	0.9898
4	111553634	C	T	0.0	0.2822
20	47865737	G	A	0.0	0.6181
20	35684006	C	T	0.0	0.9277
19	12502419	A	G	0.0	0.0243
14	77795522	C	A	0.0	0.0271
17	7577560	A	C	1.0	0.9985
10	85997164	C	T	0.0	0.0242
7	143771320	G	A	0.0	0.0224
5	31983689	C	A	0.0	0.0225
3	47155394	C	G	1.0	0.9913
17	19470503	G	T	0.0	0.9370
19	40480482	A	T	0.0	0.7634
17	7574006	A	C	1.0	0.7595
10	75335382	C	T	0.0	0.0288
5	132088631	G	A	0.0	0.0253
6	7386054	C	T	0.0	0.0286
17	7578488	C	T	1.0	0.1598
14	95560482	G	A	1.0	0.9851
17	7577523	G	T	1.0	0.9985
6	75816175	A	G	0.0	0.0447
7	55211079	A	G	1.0	0.9981
4	7055993	G	T	0.0	0.0452
19	55814187	G	A	0.0	0.9427
18	48593473	T	A	1.0	0.9974
15	66729163	C	T	1.0	0.9986
11	60102454	C	A	0.0	0.0234
4	8230222	C	T	0.0	0.0469
14	70989315	A	T	0.0	0.0244
19	47425108	T	C	0.0	0.1338
17	47696637	A	G	1.0	0.9813
6	31749916	C	T	0.0	0.8992
14	50298067	A	C	0.0	0.9103
3	178916891	G	C	1.0	0.9985
13	28592642	C	T	1.0	0.9981
17	7193617	G	A	0.0	0.3298
17	7574015	A	T	1.0	0.8956
22	37603361	C	T	0.0	0.0445
6	619459	C	A	0.0	0.8313
22	40661511	G	T	0.0	0.7308
7	36396569	G	A	0.0	0.8213
7	128470746	G	A	0.0	0.0233
2	51254918	G	T	0.0	0.1800
4	88731768	A	G	0.0	0.0401
1	158549490	A	G	0.0	0.0419
1	202121710	C	G	0.0	0.0237
10	89653803	C	T	1.0	0.9977
15	89195471	C	T	0.0	0.1199
22	29092951	G	A	1.0	0.9885
1	182353623	C	T	0.0	0.7535
2	185800982	G	A	0.0	0.0242
19	35837481	A	C	0.0	0.3757
13	114009708	C	G	0.0	0.0539
10	89692929	A	C	1.0	0.9989
10	86259650	C	G	0.0	0.4486
10	118202630	C	T	0.0	0.0369
1	223284652	C	A	0.0	0.0277
10	124395562	A	T	0.0	0.0455
22	46930415	C	T	0.0	0.1926
11	133791086	G	A	0.0	0.7780
14	58975416	G	C	0.0	0.0466
15	86286727	C	G	0.0	0.2412
3	47144873	A	C	1.0	0.9975
11	18451308	G	A	0.0	0.0285
1	197021958	C	A	0.0	0.5396
4	110929354	C	T	0.0	0.0235
7	55221744	C	T	1.0	0.7268
8	17169112	G	A	0.0	0.9787
12	49994357	C	G	0.0	0.0235
5	150411884	C	G	0.0	0.0433
17	58128227	G	A	0.0	0.7307
3	47158152	C	A	1.0	0.9574
2	212426761	C	A	1.0	0.9926
X	41205854	A	G	1.0	0.9695
7	140453110	G	C	1.0	0.9987
2	178098800	T	C	1.0	0.9890
1	93671122	A	G	0.0	0.0315
6	76018547	C	A	0.0	0.0276
15	66729175	G	T	1.0	0.9985
14	105258937	C	T	1.0	0.1733
3	132241768	G	C	0.0	0.9730
8	17400855	C	T	0.0	0.1849
8	134233067	G	A	0.0	0.0649
17	27277259	G	C	0.0	0.4945
22	50278064	G	A	0.0	0.0223
1	147091037	G	T	1.0	0.8980
17	7578532	A	C	1.0	0.9982
17	7577107	A	C	1.0	0.9987
15	66727441	T	G	1.0	0.9532
2	240984753	G	A	0.0	0.0242
19	16344406	T	A	0.0	0.8395
18	13826006	C	T	0.0	0.8305
9	106875681	G	C	0.0	0.5598
15	38808519	T	C	0.0	0.6907
15	44961718	C	T	0.0	0.0236
2	179569984	T	C	0.0	0.0312
22	38211679	C	A	0.0	0.9739
5	168187874	G	A	0.0	0.3860
6	37186682	C	T	0.0	0.3118
10	89624305	T	G	1.0	0.9956
X	77243985	G	T	0.0	0.0510
3	10183863	G	A	1.0	0.9975
17	7578478	G	A	1.0	0.9984
X	149013926	G	A	0.0	0.0222
2	178098806	G	A	1.0	0.0301
10	89690814	G	T	1.0	0.9978
16	85015506	C	A	0.0	0.6078
17	7578450	C	A	1.0	0.9981
7	112102225	A	T	0.0	0.0332
22	39178712	C	A	0.0	0.0345
6	38813413	A	C	0.0	0.0668
12	72017319	C	T	0.0	0.7007
8	144940520	A	G	0.0	0.0585
22	29092950	T	A	1.0	0.9841
17	37880255	A	T	1.0	0.6772
14	105239613	C	T	1.0	0.9977
7	105732265	G	A	0.0	0.0242
1	196874314	A	C	0.0	0.0231
3	170099035	G	C	0.0	0.0338
2	128477915	C	G	0.0	0.0876
7	91936884	G	A	0.0	0.9570
10	118434842	G	A	0.0	0.7958
17	56584622	C	A	0.0	0.9409
4	6055779	C	T	0.0	0.6376
13	99037019	G	C	0.0	0.0289
7	151962255	C	T	1.0	0.9549
8	21958395	G	A	0.0	0.0232
20	30193528	C	T	0.0	0.1555
4	66361138	C	G	0.0	0.0342
9	32430501	C	T	0.0	0.9681
2	113161599	A	T	0.0	0.4538
19	3157811	A	T	0.0	0.9608
X	129813686	C	T	0.0	0.6576
5	156390205	G	C	0.0	0.0443
17	7578237	C	G	1.0	0.7787
10	22680713	C	T	0.0	0.8320
1	248737995	G	T	0.0	0.0234
4	8470028	A	T	0.0	0.0228
17	47696688	T	A	1.0	0.9447
X	84634306	C	T	0.0	0.2689
19	1270987	G	A	0.0	0.8182
10	89624297	A	T	1.0	0.9975
11	105768996	G	T	0.0	0.9220
10	89692887	G	T	1.0	0.9989
3	186760670	C	T	0.0	0.0253
12	56481806	C	T	1.0	0.6358
3	10188215	A	G	1.0	0.9988
19	14157304	G	T	0.0	0.0644
7	55233123	A	G	1.0	0.9855
7	151962153	C	T	1.0	0.9908
19	37734528	G	C	0.0	0.0243
2	220102389	G	C	0.0	0.2236
18	28660276	C	A	0.0	0.0979
2	231775240	C	A	0.0	0.8193
1	158906944	C	T	0.0	0.0562
20	8717784	C	T	0.0	0.9288
19	10610255	A	G	1.0	0.9869
5	67589135	G	T	1.0	0.9983
2	178098800	T	G	1.0	0.9929
1	75708644	A	T	0.0	0.0254
6	87971465	G	T	0.0	0.0225
10	89624299	T	G	1.0	0.9856
19	53854724	A	G	0.0	0.0237
3	41274897	T	G	1.0	0.9956
9	968030	C	T	0.0	0.4099
15	48493637	G	A	0.0	0.6760
4	72432772	C	T	0.0	0.0341
14	78018519	G	A	0.0	0.9435
2	55461327	A	G	0.0	0.8270
19	54872581	G	C	0.0	0.0233
4	79207567	C	T	0.0	0.0253
22	36007002	G	A	0.0	0.9178
20	18794527	A	T	0.0	0.0232
12	43840411	G	C	0.0	0.6845
3	47143043	C	A	1.0	0.9960
3	30732996	C	T	1.0	0.9769
9	80537255	C	A	1.0	0.9568
12	85517961	A	G	0.0	0.0251
9	100124077	G	T	0.0	0.0305
17	53481219	G	A	0.0	0.8569
19	50781436	G	T	0.0	0.0487
3	47155463	A	G	1.0	0.9488
9	6013948	C	T	0.0	0.0243
11	33129939	A	T	0.0	0.7329
13	95858960	T	G	0.0	0.8590
5	13920702	G	A	0.0	0.0232
9	139412282	C	T	1.0	0.8893
12	19467793	G	A	0.0	0.4825
1	210187116	C	T	0.0	0.0284
7	6441558	A	C	1.0	0.9780
7	53103581	C	T	0.0	0.0228
X	13798077	G	C	0.0	0.1443
20	61513664	C	A	0.0	0.3197
2	178098803	C	T	1.0	0.5494
3	49397732	T	A	1.0	0.9708
10	135086011	G	C	0.0	0.0270
20	45021779	G	A	0.0	0.9323
1	160267162	C	T	0.0	0.9234
9	21971119	C	T	1.0	0.2362
3	49412965	A	C	1.0	0.9984
1	157105486	C	T	0.0	0.0725
4	2896375	G	A	0.0	0.9962
20	5904019	G	A	0.0	0.0232
7	121651597	C	T	0.0	0.0255
11	77727910	G	A	0.0	0.7323
17	7578490	A	C	1.0	0.9984
10	89624298	C	G	1.0	0.9958
15	39881439	G	A	0.0	0.5666
17	51900738	G	C	0.0	0.0324
3	27460108	C	A	0.0	0.9071
19	52714672	C	T	1.0	0.9884
13	84454243	A	G	0.0	0.9605
19	54403509	A	G	0.0	0.9592
15	93007443	C	T	0.0	0.2087
12	25398257	A	C	1.0	0.9990
18	2578109	G	A	0.0	0.9468
14	105239420	C	A	1.0	0.9870
17	7577081	T	A	1.0	0.9984
3	41274910	A	T	1.0	0.9951
22	24447319	C	T	0.0	0.1173
19	45872219	T	A	1.0	0.6869
20	43836170	C	G	0.0	0.0244
11	102816396	C	A	0.0	0.8491
3	49412905	C	T	1.0	0.9979
4	887749	C	T	0.0	0.9419
X	134991908	G	C	0.0	0.0399
19	10610198	C	A	1.0	0.9951
4	55593652	C	T	1.0	0.9954
11	113270078	A	G	0.0	0.0254
19	10610255	A	C	1.0	0.9726
21	47545866	C	T	0.0	0.0675
11	75442268	C	A	0.0	0.0226
9	84607108	C	G	0.0	0.0222
4	39206807	T	A	0.0	0.0430
12	56478957	A	T	1.0	0.8868
7	116423414	A	G	1.0	0.9984
17	7579373	C	A	1.0	0.9975
2	239162065	C	T	0.0	0.0229
19	52716326	G	C	1.0	0.9951
X	111019600	C	T	0.0	0.0278
22	41565527	T	C	1.0	0.9676
2	209113181	C	T	1.0	0.9980
17	7578505	G	A	1.0	0.9988
3	48627949	C	A	0.0	0.0232
7	138391439	T	C	0.0	0.9307
12	56031264	G	A	0.0	0.0311
3	49405928	C	G	1.0	0.9988
12	116413096	C	T	0.0	0.0655
1	11188078	C	T	1.0	0.3042
13	36050117	G	C	0.0	0.9002
2	200245168	A	C	0.0	0.8452
6	30557661	T	G	0.0	0.8851
2	196578197	C	T	0.0	0.0945
3	47143045	A	T	1.0	0.9945
2	202141586	C	T	1.0	0.6991
11	534226	C	T	1.0	0.9984
10	104486763	G	A	0.0	0.8184
22	46654515	G	A	0.0	0.0231
22	41783607	C	T	0.0	0.0259
17	7578463	C	T	1.0	0.9960
2	113082723	G	A	0.0	0.0258
22	22127173	G	A	1.0	0.8531
7	116955159	A	G	0.0	0.9973
3	44606983	C	T	0.0	0.0231
11	5510738	G	C	0.0	0.1332
7	150164156	G	A	0.0	0.0231
3	100295801	C	T	0.0	0.0251
14	64988454	A	G	0.0	0.5196
19	20308411	G	A	0.0	0.0244
3	10191480	T	G	1.0	0.9986
10	89693000	G	A	1.0	0.9984
1	8385415	G	A	0.0	0.8726
17	7577103	C	G	1.0	0.9987
17	47696450	A	G	1.0	0.9701
15	73616239	C	T	0.0	0.6341
X	113965746	G	T	0.0	0.0229
3	49397710	C	T	1.0	0.9967
11	57094292	G	A	0.0	0.0316
17	7578458	G	T	1.0	0.9987
12	112926900	C	A	1.0	0.9967
7	140453193	T	A	1.0	0.9985
9	91616521	C	T	0.0	0.9444
2	207558023	G	A	0.0	0.0283
11	128354799	C	G	0.0	0.3751
17	7578242	C	A	1.0	0.9817
14	63473177	C	T	0.0	0.3880
17	47696432	A	G	1.0	0.9928
1	112998838	T	C	0.0	0.1287
12	56031278	G	C	0.0	0.0227
7	140481405	A	C	1.0	0.9963
17	10231210	C	G	0.0	0.3625
X	153717207	G	A	0.0	0.0241
11	55135613	C	T	0.0	0.0258
17	7577123	A	G	1.0	0.9975
12	25398260	G	C	1.0	0.9990
1	179887000	G	C	0.0	0.0287
19	45872213	G	A	1.0	0.9115
10	37478473	G	A	0.0	0.0304
4	118005805	C	T	0.0	0.0266
1	156518209	G	T	0.0	0.0327
22	51009598	C	T	0.0	0.0283
12	112888163	G	T	1.0	0.9791
13	60435664	C	A	0.0	0.9599
17	40474470	T	C	1.0	0.5578
16	69726213	G	A	0.0	0.1156
2	125530382	C	T	0.0	0.0316
17	7578212	G	C	1.0	0.9987
5	136315143	C	T	0.0	0.2479
8	124368705	G	A	0.0	0.8847
1	151143488	C	T	0.0	0.9049
3	124748078	C	T	0.0	0.0236
10	27508685	C	T	0.0	0.0590
6	83898451	C	T	0.0	0.9285
4	77816829	G	T	0.0	0.0366
X	105190374	A	C	0.0	0.7206
3	49412898	T	C	1.0	0.9983
1	52861904	G	T	0.0	0.0223
11	113295109	G	A	0.0	0.7784
4	152507892	C	G	0.0	0.0298
17	7578388	C	G	1.0	0.9987
11	533877	C	A	1.0	0.9983
19	2853352	G	T	0.0	0.0472
9	21971114	C	T	1.0	0.1499
3	178952073	T	C	1.0	0.9985
1	12423152	A	T	0.0	0.9084
17	7578541	A	C	1.0	0.9988
7	128491319	A	G	0.0	0.0743
3	97439224	G	C	0.0	0.8175
17	7132529	G	C	0.0	0.9464
17	7577561	A	C	1.0	0.9988
17	31322436	C	T	0.0	0.0299
3	49405962	T	C	1.0	0.9989
14	95557639	C	T	1.0	0.9817
16	55857580	G	A	0.0	0.5559
X	100503152	G	T	0.0	0.9489
19	56392864	A	G	0.0	0.0245
7	140481423	C	G	1.0	0.9949
6	7310170	C	T	0.0	0.0824
18	48593405	G	A	1.0	0.9979
2	54045062	T	G	0.0	0.3297
9	139412326	C	A	1.0	0.9407
17	40004200	G	A	0.0	0.9178
X	117700054	G	A	0.0	0.9296
20	35060146	C	A	0.0	0.0370
17	10443380	C	T	0.0	0.8140
19	51219925	C	A	0.0	0.2096
1	228433197	G	C	0.0	0.0311
2	198265449	T	C	1.0	0.9832
3	10188263	T	G	1.0	0.9983
2	178098808	C	A	1.0	0.9782
17	7579362	A	C	1.0	0.9976
1	158517298	C	A	0.0	0.0232
19	10602580	C	T	1.0	0.9973
3	10191570	T	G	1.0	0.9985
3	49693633	T	A	0.0	0.6640
3	111769572	C	T	0.0	0.0328
7	140481397	C	T	1.0	0.9926
7	144070342	A	G	0.0	0.0692
13	28592640	A	C	1.0	0.9981
2	198265449	T	G	1.0	0.9904
2	198267493	C	G	1.0	0.9935
1	11188153	T	C	1.0	0.8055
6	35467824	G	T	0.0	0.9170
7	12728093	C	T	0.0	0.9965
7	157370731	A	T	0.0	0.2033
7	1520513	T	A	0.0	0.3666
10	89653815	C	T	1.0	0.9984
7	43988235	C	T	0.0	0.0346
11	56128565	G	T	0.0	0.0293
7	6426900	A	T	1.0	0.9967
17	7578260	C	T	1.0	0.9983
17	7577109	A	C	1.0	0.9985
3	49405951	G	T	1.0	0.9986
3	47155493	A	T	1.0	0.5004
13	29599077	T	C	0.0	0.0282
16	3613701	A	C	0.0	0.2378
7	140453108	C	A	1.0	0.9987
6	70942434	G	T	0.0	0.0244
3	30732976	C	T	1.0	0.9771
1	62175007	C	T	0.0	0.4620
2	239179989	A	G	0.0	0.0512
10	89692908	C	A	1.0	0.9989
4	113353125	A	C	0.0	0.0236
1	201027606	T	C	0.0	0.9426
15	56387637	A	C	0.0	0.0385
21	45817735	G	C	0.0	0.0368
17	7577085	C	G	1.0	0.9982
4	153247252	C	T	1.0	0.9990
5	134785568	G	A	0.0	0.0226
5	153065807	G	A	0.0	0.9738
12	38712112	G	T	0.0	0.7013
19	8137035	G	A	0.0	0.0228
18	48591894	T	A	1.0	0.9981
19	56952879	T	G	0.0	0.0252
9	99581524	G	A	0.0	0.0228
13	39454731	G	T	0.0	0.0236
1	104115864	C	A	0.0	0.0798
3	49412898	T	G	1.0	0.9982
5	169028336	T	A	0.0	0.0297
19	41931804	C	T	0.0	0.0230
2	242793262	C	T	0.0	0.0224
8	52323848	C	G	0.0	0.1575
21	44324272	C	T	0.0	0.0313
X	41205855	C	T	1.0	0.9662
15	52517303	C	T	0.0	0.0240
14	95557628	C	A	1.0	0.9767
21	47627403	T	A	0.0	0.1997
9	21971096	C	T	1.0	0.4399
19	20044106	A	G	0.0	0.0251
12	40671785	G	T	0.0	0.0415
20	54824818	C	T	0.0	0.8515
11	69063304	C	A	0.0	0.0235
12	40441905	A	T	0.0	0.1549
X	55286969	G	T	0.0	0.0271
1	70503966	A	C	0.0	0.7519
10	89692899	A	T	1.0	0.9989
13	50586329	A	G	0.0	0.2870
X	3241097	G	C	0.0	0.0229
20	25436386	G	A	0.0	0.0311
19	10602581	C	T	1.0	0.9971
19	36517066	C	T	0.0	0.7932
5	95234177	G	C	0.0	0.0429
9	94794782	T	A	0.0	0.0264
5	40979879	C	G	0.0	0.0535
3	10188308	A	T	1.0	0.9988
13	28866564	G	A	0.0	0.7726
10	94405203	G	A	0.0	0.0226
3	10191501	T	A	1.0	0.9985
17	10303815	C	G	0.0	0.3714
12	25398281	C	A	1.0	0.9990
1	155221306	C	T	0.0	0.1005
5	140745680	G	A	0.0	0.7730
9	36369852	T	C	0.0	0.0400
2	198265465	A	G	1.0	0.8620
17	47696644	A	C	1.0	0.9777
19	30936483	C	T	0.0	0.6949
17	7577530	T	A	1.0	0.9988
12	129383812	G	A	0.0	0.1860
3	41267290	A	G	1.0	0.9199
11	57947383	C	T	0.0	0.0259
6	51732778	A	G	0.0	0.1549
17	73552198	C	G	0.0	0.8721
17	38240130	T	C	0.0	0.9488
3	49413010	G	A	1.0	0.9981
6	136693743	T	C	0.0	0.0265
16	4707273	A	T	0.0	0.4025
5	1219752	C	G	0.0	0.0998
9	139412242	A	C	1.0	0.8308
10	89653809	G	A	1.0	0.9985
5	112487088	C	A	0.0	0.5906
17	56084341	C	T	0.0	0.4967
19	30496346	A	G	0.0	0.0445
12	70723321	G	T	0.0	0.1819
9	5920916	T	C	0.0	0.0219
12	112926892	G	T	1.0	0.9973
2	74007100	A	G	0.0	0.5694
2	15744000	G	C	0.0	0.9515
10	89692890	A	C	1.0	0.9988
12	112926248	G	T	1.0	0.9687
15	66729181	A	G	1.0	0.9987
17	7577098	T	A	1.0	0.9987
3	178916882	G	A	1.0	0.9987
14	95557638	T	G	1.0	0.9846
2	27001276	G	A	0.0	0.0237
2	178098800	T	A	1.0	0.9905
7	55221716	T	A	1.0	0.9973
7	140453148	C	T	1.0	0.9988
7	120765938	G	T	0.0	0.1580
1	95710153	A	G	0.0	0.0232
8	10285688	A	T	0.0	0.8250
17	61841436	G	A	0.0	0.8676
6	26124464	T	C	0.0	0.0755
5	26881405	G	A	0.0	0.8658
3	49412941	C	T	1.0	0.9824
12	58002312	C	T	0.0	0.8965
1	67145429	G	C	0.0	0.0313
2	198265452	T	C	1.0	0.9908
7	140453124	C	A	1.0	0.9987
17	47696426	A	T	1.0	0.9515
X	12736276	A	G	0.0	0.0241
19	53645668	G	A	0.0	0.0236
3	184026613	C	T	0.0	0.0567
10	123279680	C	T	1.0	0.9923
6	27840053	C	A	0.0	0.4062
9	21971088	G	T	1.0	0.9177
4	153247253	C	T	1.0	0.9990
13	50276524	C	T	0.0	0.0738
8	70744557	T	A	0.0	0.0697
17	7578272	G	C	1.0	0.9989
22	20049088	C	A	0.0	0.8434
17	7578554	A	G	1.0	0.9988
2	74489351	G	C	0.0	0.0302
3	10254984	G	A	0.0	0.0239
5	75913471	T	C	0.0	0.8755
3	52651338	C	A	1.0	0.8875
2	130930067	G	A	0.0	0.0283
6	159636081	C	T	0.0	0.4709
X	11783734	C	T	0.0	0.3173
15	53994429	C	A	0.0	0.8459
12	58145431	G	T	1.0	0.9951
3	38065849	C	T	0.0	0.0265
19	52714675	A	C	1.0	0.8322
17	7577511	A	C	1.0	0.9987
3	151072956	C	G	0.0	0.1951
9	139412233	A	G	1.0	0.6432
5	33643573	G	C	0.0	0.9858
12	8998703	C	A	0.0	0.0358
2	212426762	C	G	1.0	0.9940
X	153225483	G	T	0.0	0.0466
17	73662603	G	A	0.0	0.0266
7	151962236	G	T	1.0	0.0410
11	44069634	A	C	0.0	0.0231
19	51919938	C	T	0.0	0.0298
6	43487821	G	C	0.0	0.9025
3	39108315	T	C	0.0	0.9456
7	117375412	A	G	0.0	0.9484
1	226453982	G	A	0.0	0.9054
4	177036977	C	A	0.0	0.2545
13	28608116	C	T	1.0	0.9958
2	212488710	C	A	1.0	0.9417
6	41889508	G	A	0.0	0.0424
15	66727455	G	T	1.0	0.9823
5	140308719	G	C	0.0	0.0326
1	182517845	C	A	0.0	0.0353
17	54990997	G	T	0.0	0.4703
9	87549127	G	A	0.0	0.9618
9	139412302	C	A	1.0	0.8820
21	32598224	G	A	0.0	0.9691
17	34958561	G	A	0.0	0.1014
19	40430555	C	A	0.0	0.0808
20	61511065	C	G	0.0	0.0255
5	126755874	G	T	0.0	0.9308
7	119915618	G	A	0.0	0.9634
1	16378722	C	T	0.0	0.8340
9	139412326	C	G	1.0	0.9401
18	48591901	A	T	1.0	0.9986
9	21971114	C	G	1.0	0.1286
11	101375138	C	G	0.0	0.4499
3	47158115	T	A	1.0	0.8563
19	3119037	G	A	1.0	0.9899
3	41268762	G	A	1.0	0.9973
3	12475553	A	G	1.0	0.1225
1	18152775	C	T	0.0	0.0274
7	82583475	G	A	0.0	0.1192
7	55211008	A	T	1.0	0.9980
3	112991521	C	T	0.0	0.0490
17	7577552	C	A	1.0	0.9980
18	48591891	G	A	1.0	0.9982
3	171323102	G	T	0.0	0.5214
19	12429679	T	A	0.0	0.1324
7	82784491	G	A	0.0	0.0247
13	96438246	C	G	0.0	0.1271
12	112888211	A	C	1.0	0.9819
2	198266600	A	C	1.0	0.9473
2	84774503	G	A	0.0	0.0257
20	56099150	C	G	0.0	0.0234
5	127680104	G	T	0.0	0.1413
12	101491696	G	T	0.0	0.8984
X	105161640	C	T	0.0	0.0234
17	79657710	G	A	0.0	0.1799
11	3123489	G	A	0.0	0.9504
10	71689802	G	A	0.0	0.8771
1	11188155	G	C	1.0	0.6715
6	76024199	G	A	0.0	0.0309
1	22169810	G	A	0.0	0.0330
9	124929165	G	A	0.0	0.4928
1	152595518	G	T	0.0	0.0417
18	7012122	G	A	0.0	0.0230
17	57344462	T	G	0.0	0.1967
20	46255875	G	A	0.0	0.7936
17	48597049	G	A	0.0	0.3293
19	58371119	A	T	0.0	0.0244
17	7578196	A	T	1.0	0.9988
4	159636554	A	G	0.0	0.0407
17	7577517	A	T	1.0	0.9987
9	117692466	A	G	0.0	0.1090
9	14848674	G	A	0.0	0.9567
3	142142437	T	A	0.0	0.9865
18	48604699	A	T	1.0	0.9977
7	149191588	G	A	0.0	0.0962
18	48593400	G	A	1.0	0.9979
8	144940475	C	A	0.0	0.0864
3	9543941	C	T	0.0	0.0297
2	179650597	T	C	0.0	0.0254
10	92508605	T	G	0.0	0.2808
X	140270912	C	T	0.0	0.0379
17	48615469	G	A	0.0	0.0826
12	32764098	T	A	0.0	0.4564
17	7578535	T	A	1.0	0.9931
17	7574004	G	C	1.0	0.0841
6	36449518	G	C	0.0	0.9464
2	26699772	G	A	0.0	0.5442
1	44468288	C	G	0.0	0.1750
3	49405953	C	T	1.0	0.9988
17	67092867	C	T	0.0	0.0225
5	67591077	G	A	1.0	0.9967
19	10600474	T	C	1.0	0.9921
4	15614011	G	A	0.0	0.2442
3	178922364	G	A	1.0	0.9977
3	49412914	T	A	1.0	0.9982
3	178936073	C	T	1.0	0.9973
6	88854344	G	T	0.0	0.9358
17	21087063	G	T	0.0	0.0223
9	21974677	C	G	1.0	0.9935
7	57528865	G	A	0.0	0.0231
17	37880219	T	A	1.0	0.9139
16	84438840	A	G	0.0	0.8660
18	74091158	G	A	0.0	0.0239
X	82763849	G	A	0.0	0.0236
6	31732257	G	C	0.0	0.0262
1	11184589	C	G	1.0	0.9948
18	48591940	C	G	1.0	0.9976
11	113570845	C	T	0.0	0.0840
17	76970857	C	T	0.0	0.5802
3	49412958	A	G	1.0	0.9987
X	57934461	C	A	0.0	0.1890
6	119245226	A	G	0.0	0.8382
15	90631943	C	T	1.0	0.9977
4	55594207	T	A	1.0	0.9966
14	81659171	G	A	0.0	0.0699
19	37905163	T	C	0.0	0.0223
3	178952030	G	C	1.0	0.9807
17	47696425	A	G	1.0	0.9939
3	190120204	G	A	0.0	0.9309
10	96740982	G	A	0.0	0.0321
17	7577508	T	G	1.0	0.9987
12	21919175	G	T	0.0	0.6076
6	71004156	G	C	0.0	0.0541
3	49397743	C	T	1.0	0.9982
9	21971018	G	T	1.0	0.7194
17	7577567	A	C	1.0	0.9988
9	80409473	C	T	1.0	0.7392
9	75775279	G	A	0.0	0.0638
17	61495768	G	A	0.0	0.8265
3	49405969	A	C	1.0	0.9984
9	139412278	C	T	1.0	0.9376
7	151962148	C	T	1.0	0.1937
1	76877898	C	G	0.0	0.1055
20	58576428	A	C	0.0	0.0300
3	49412956	T	A	1.0	0.9933
21	19666606	C	T	0.0	0.9956
2	241534040	A	T	0.0	0.2087
14	75514218	G	A	0.0	0.0304
12	1993939	A	T	0.0	0.0858
19	52714663	T	C	1.0	0.8831
17	40475084	C	G	1.0	0.9256
7	103143482	G	A	0.0	0.2424
1	6659338	G	A	0.0	0.0508
9	21305236	A	G	0.0	0.0241
7	120629879	C	A	0.0	0.0254
7	156932031	A	G	0.0	0.0424
12	7310180	C	T	0.0	0.2373
1	217842410	T	A	0.0	0.2909
8	30705962	T	C	0.0	0.0221
17	7577580	T	G	1.0	0.9983
11	125548074	C	G	0.0	0.0248
7	140453155	C	G	1.0	0.9986
6	489016	C	G	0.0	0.0344
3	49405963	C	A	1.0	0.9989
20	49508224	A	C	0.0	0.0300
18	48591854	T	A	1.0	0.9984
14	24586235	G	T	0.0	0.1116
1	180775248	C	G	0.0	0.1098
12	25398269	C	G	1.0	0.9990
11	47380496	G	A	0.0	0.0261
7	72743383	G	A	0.0	0.4421
7	141734603	C	A	0.0	0.5971
X	115582805	G	A	0.0	0.0246
19	44611924	G	C	0.0	0.0267
X	153172076	G	A	0.0	0.0599
3	178916924	C	G	1.0	0.9974
10	101967049	C	T	0.0	0.5631
4	153247255	C	T	1.0	0.9989
10	89711893	C	A	1.0	0.9988
17	18918383	C	T	0.0	0.8443
17	7577551	C	G	1.0	0.9988
7	105603804	A	G	0.0	0.0224
2	202149644	A	T	1.0	0.5140
20	62196127	C	A	0.0	0.0293
2	71892384	G	C	0.0	0.0881
7	45108111	C	A	0.0	0.3045
7	6426893	C	T	1.0	0.9984
3	49412913	G	A	1.0	0.9986
9	137676857	C	G	0.0	0.7668
17	2203353	C	T	0.0	0.0283
22	24629895	T	A	0.0	0.9765
9	139412305	G	A	1.0	0.6670
22	41565533	G	T	1.0	0.9705
11	66082679	G	T	0.0	0.0244
9	21971111	G	A	1.0	0.4398
17	7578236	A	C	1.0	0.9983
10	89690814	G	C	1.0	0.9968
2	198266711	T	C	1.0	0.9488
17	7577569	A	C	1.0	0.9989
15	42115345	C	T	0.0	0.0235
9	139412375	C	T	1.0	0.8266
1	115256527	C	T	1.0	0.9987
11	1017897	G	T	0.0	0.0273
7	90708780	G	C	0.0	0.5533
9	33799164	G	A	0.0	0.7873
18	13057640	G	A	0.0	0.0408
22	38823646	G	T	0.0	0.9769
15	86273887	A	G	0.0	0.0301
3	10183766	C	G	1.0	0.9812
X	144904860	A	C	0.0	0.3190
2	158971713	T	C	0.0	0.9192
6	31477574	A	G	0.0	0.0234
19	52716327	G	T	1.0	0.9979
12	123213884	C	A	0.0	0.0267
19	10600002	T	C	1.0	0.9975
3	130650969	A	G	0.0	0.9137
3	178916935	C	T	1.0	0.9978
12	130648416	C	T	0.0	0.9102
16	48333669	C	T	0.0	0.8920
6	46607262	G	C	0.0	0.0246
2	32366999	C	G	0.0	0.5279
21	17246819	T	C	0.0	0.7577
3	41275110	A	G	1.0	0.9982
11	57188798	C	T	0.0	0.9794
10	52103772	C	T	0.0	0.2132
10	89653838	T	C	1.0	0.9984
1	152484038	T	C	0.0	0.1954
6	109962782	C	T	0.0	0.0334
X	70781710	C	A	0.0	0.9295
14	29237818	C	T	0.0	0.1369
16	2048255	G	A	0.0	0.5891
3	47144882	G	C	1.0	0.9974
9	139836611	G	A	0.0	0.5361
19	52716084	C	A	1.0	0.9871
12	58001129	G	C	0.0	0.0253
20	8698470	G	T	0.0	0.0243
2	202149644	A	G	1.0	0.4075
4	130014244	G	C	0.0	0.0235
16	23404565	G	A	0.0	0.6748
3	113675186	G	T	0.0	0.9357
1	169833605	G	A	0.0	0.2148
9	26947000	C	T	0.0	0.0232
10	89653785	T	C	1.0	0.9983
11	5537492	C	A	0.0	0.0236
16	10855248	G	C	0.0	0.9321
12	41422971	G	A	0.0	0.7616
7	55259449	G	A	1.0	0.9984
2	159490639	G	T	0.0	0.8558
12	52715014	G	A	0.0	0.0260
8	139606359	C	T	0.0	0.9224
5	150076426	C	T	0.0	0.6117
10	89692893	C	T	1.0	0.9989
17	7577130	A	T	1.0	0.9985
4	153247297	G	A	1.0	0.9985
7	117364695	C	G	0.0	0.0234
10	75006490	G	C	0.0	0.0278
14	105752650	G	A	0.0	0.2876
X	123518650	G	A	0.0	0.9019
14	95557639	C	G	1.0	0.9895
15	42002919	G	A	0.0	0.2042
19	10597491	C	T	1.0	0.9989
X	56591547	C	G	0.0	0.8732
9	70177770	C	T	0.0	0.0224
18	48604749	G	T	1.0	0.9978
6	90605698	C	G	0.0	0.0295
17	60045503	G	A	0.0	0.9756
19	16860477	C	T	0.0	0.0392
18	59777073	A	C	0.0	0.3678
19	47884092	G	A	0.0	0.3294
9	130293979	C	T	0.0	0.8498
16	10525310	A	G	0.0	0.0259
19	44590089	A	C	0.0	0.0236
12	25380282	G	T	1.0	0.9989
7	4998642	C	T	0.0	0.0256
18	21479384	G	A	0.0	0.0281
7	6431629	A	G	1.0	0.9979
1	167852770	C	G	0.0	0.0296
11	128840096	G	C	0.0	0.0474
5	161524855	A	G	0.0	0.9974
1	171756947	G	T	0.0	0.9692
2	241404358	G	A	0.0	0.0232
5	129521215	G	T	0.0	0.9153
10	89692802	C	G	1.0	0.9988
1	248570338	C	T	0.0	0.0224
8	134042161	C	T	0.0	0.1096
8	6302006	A	T	0.0	0.0233
7	6426860	G	T	1.0	0.9988
11	66136088	G	T	0.0	0.0414
2	110373346	A	G	0.0	0.0225
6	36334453	A	G	0.0	0.0286
10	99160855	G	A	0.0	0.1199
X	49840503	G	A	0.0	0.4244
14	65209862	C	T	0.0	0.0254
5	57790536	C	G	0.0	0.0226
3	49397742	G	A	1.0	0.9982
10	89692791	A	G	1.0	0.9988
11	7083670	G	A	0.0	0.0384
6	63990290	T	C	0.0	0.8449
14	23945519	A	T	0.0	0.8486
3	121345659	C	A	0.0	0.8398
7	140453155	C	A	1.0	0.9987
7	104747894	C	T	0.0	0.3838
X	49958092	C	A	0.0	0.0661
22	30886137	G	A	0.0	0.0235
2	202149659	A	G	1.0	0.9745
8	11407739	C	T	0.0	0.2230
19	44983505	G	A	0.0	0.0707
2	202141572	T	C	1.0	0.8039
15	66729153	T	C	1.0	0.9987
19	18305866	G	T	0.0	0.9852
4	69962467	T	C	0.0	0.0241
16	21709155	C	T	0.0	0.6248
3	157818074	T	A	0.0	0.9906
12	56492633	A	G	1.0	0.9773
12	43826465	G	A	0.0	0.0552
13	48955572	G	C	1.0	0.9844
7	143028681	C	G	0.0	0.1134
6	30522868	C	G	0.0	0.0907
19	54849240	C	T	0.0	0.0232
19	5220138	T	A	0.0	0.7034
19	45872210	C	T	1.0	0.9110
X	41204458	C	T	1.0	0.9792
18	45368252	G	C	1.0	0.9806
14	30047545	A	G	0.0	0.9481
19	10602340	C	T	1.0	0.9986
17	58153595	C	T	0.0	0.0350
17	38434461	C	A	0.0	0.2712
14	104506642	G	A	0.0	0.0374
16	24931476	T	C	0.0	0.0264
3	49412945	G	C	1.0	0.9984
7	100676455	G	C	0.0	0.0232
1	97981407	C	T	0.0	0.7264
7	140481411	C	G	1.0	0.9946
1	11188164	G	A	1.0	0.9198
13	102029073	C	G	0.0	0.8970
12	112926910	G	T	1.0	0.9812
12	10955011	T	C	0.0	0.0249
11	55579352	C	A	0.0	0.0469
8	21846540	G	A	0.0	0.0714
10	89692901	G	C	1.0	0.9989
11	55872882	C	T	0.0	0.0284
18	48591892	G	T	1.0	0.9977
3	30732972	C	T	1.0	0.9658
6	30124729	C	T	0.0	0.0296
16	68842728	A	G	1.0	0.9920
20	30070090	G	A	0.0	0.0227
10	88123779	C	T	0.0	0.0596
2	217528687	C	T	0.0	0.9299
2	198267370	T	G	1.0	0.9132
1	89448869	T	A	0.0	0.0637
X	41205858	G	A	1.0	0.9645
7	131830026	C	A	0.0	0.9018
2	122007205	C	T	0.0	0.1578
2	120003076	C	T	0.0	0.0234
1	38187347	C	T	0.0	0.8582
17	7577529	A	T	1.0	0.9987
18	64235805	T	A	0.0	0.7638
3	46560523	G	T	0.0	0.0487
7	6431649	C	A	1.0	0.9979
10	89711905	G	T	1.0	0.9985
1	53732212	C	T	0.0	0.4139
10	89653802	G	T	1.0	0.9967
17	48596430	C	A	0.0	0.0348
7	55238870	G	T	1.0	0.9811
3	54871235	T	C	0.0	0.9637
5	140167790	G	A	0.0	0.0435
8	1616843	A	G	0.0	0.4675
1	48771547	C	T	0.0	0.1201
14	35483028	C	T	0.0	0.9419
17	47696430	C	G	1.0	0.9844
18	3126851	G	A	0.0	0.8040
15	51795035	G	A	0.0	0.0246
11	55703175	A	T	0.0	0.0236
3	131300488	G	T	0.0	0.8462
17	7573994	T	C	1.0	0.9796
10	89711890	A	G	1.0	0.9989
7	151962198	C	T	1.0	0.9839
1	153317700	G	A	0.0	0.0310
3	150916462	G	T	0.0	0.8836
1	35223028	G	T	0.0	0.0238
3	10188315	T	C	1.0	0.9985
20	62038313	T	A	0.0	0.0226
11	21592442	A	G	0.0	0.7613
3	49397721	C	G	1.0	0.9963
9	6506113	G	C	0.0	0.7357
4	10567743	G	T	0.0	0.0248
6	66200490	A	G	0.0	0.0625
2	198265453	C	T	1.0	0.9643
17	73124975	C	T	0.0	0.7616
3	178916936	G	T	1.0	0.9976
19	34945384	A	T	0.0	0.9100
2	196825327	G	A	0.0	0.5776
1	109812675	G	A	0.0	0.0234
1	67108545	G	A	0.0	0.3534
17	7578502	A	C	1.0	0.9976
11	533878	C	T	1.0	0.9977
4	128564824	G	C	0.0	0.0310
17	40474492	C	T	1.0	0.8298
1	147091042	C	T	1.0	0.8977
22	29091731	T	C	1.0	0.9928
7	140481417	C	T	1.0	0.9968
17	7578412	A	T	1.0	0.9989
3	178941903	G	A	1.0	0.0314
3	111898411	C	T	0.0	0.7308
16	1291668	G	T	0.0	0.2827
12	100656177	C	T	0.0	0.0245
3	47155453	C	T	1.0	0.7991
2	49190816	T	A	0.0	0.0250
5	3600194	G	C	0.0	0.8356
19	36362774	G	C	0.0	0.0303
3	178922325	A	T	1.0	0.9975
15	28391388	C	T	0.0	0.8980
12	112910837	C	G	1.0	0.9670
3	52014456	C	T	0.0	0.3339
9	21971098	C	G	1.0	0.9961
16	24942323	A	G	0.0	0.0282
15	91491407	G	A	0.0	0.8215
19	52716326	G	T	1.0	0.9964
14	95560482	G	T	1.0	0.9891
2	202141606	C	G	1.0	0.1698
7	27868362	G	A	0.0	0.4984
3	47144898	G	C	1.0	0.8952
3	132360854	C	T	0.0	0.0330
9	79910762	G	T	0.0	0.7466
17	8168321	G	C	0.0	0.8125
17	7577079	C	G	1.0	0.7585
9	21971036	C	T	1.0	0.9456
19	37382578	C	T	0.0	0.0249
17	7579325	G	T	1.0	0.9981
8	69699715	C	T	0.0	0.5772
16	89724669	G	C	0.0	0.0284
1	247978341	C	T	0.0	0.0233
2	198266709	C	A	1.0	0.9553
7	55211016	G	T	1.0	0.9979
12	11061798	C	A	0.0	0.0414
9	131386737	G	T	0.0	0.7805
17	74278070	G	A	0.0	0.0844
11	73688931	G	C	0.0	0.1784
X	132090979	G	T	0.0	0.0737
3	49405956	G	T	1.0	0.9989
2	207169470	C	A	0.0	0.0225
19	51920058	T	C	0.0	0.0233
3	178916923	C	A	1.0	0.9973
15	54305795	C	T	0.0	0.1891
9	139412288	C	T	1.0	0.0285
17	7578394	T	G	1.0	0.9988
13	28592642	C	G	1.0	0.9979
6	150343314	C	T	0.0	0.0228
12	28116698	C	G	0.0	0.9166
4	38910331	C	A	0.0	0.0669
7	140453146	G	C	1.0	0.9987
2	228141169	C	T	0.0	0.0254
2	198266713	C	A	1.0	0.9829
11	121028895	G	A	0.0	0.7215
2	207169934	C	T	0.0	0.0218
17	30349151	C	G	0.0	0.0249
8	135615163	G	C	0.0	0.0536
8	52252201	T	C	0.0	0.0226
5	137518995	C	T	0.0	0.0685
11	55861154	T	A	0.0	0.0345
9	37518331	T	A	0.0	0.5954
19	52888544	A	G	0.0	0.0239
10	55581853	T	C	0.0	0.2401
10	89692785	T	C	1.0	0.9988
11	45975109	G	T	0.0	0.0589
7	140453987	T	G	1.0	0.9973
7	55259441	G	T	1.0	0.9980
13	72255966	C	A	0.0	0.9370
7	106836571	C	G	0.0	0.7929
16	70897051	C	T	0.0	0.1296
7	55221771	C	T	1.0	0.9962
6	160169397	G	C	0.0	0.9549
8	72984099	C	A	0.0	0.0444
10	34671584	G	A	0.0	0.0271
1	11188164	G	T	1.0	0.9176
1	28233465	C	A	0.0	0.9767
1	22913015	T	G	0.0	0.0875
10	75532748	C	G	0.0	0.6161
17	76420210	C	G	0.0	0.3205
3	178921551	A	T	1.0	0.9981
11	66189620	C	T	0.0	0.0390
3	10191540	T	C	1.0	0.9986
7	102109030	G	A	0.0	0.9692
5	95733069	C	T	0.0	0.9516
1	11184592	G	C	1.0	0.9975
17	61987801	C	T	0.0	0.0304
7	55221722	G	T	1.0	0.9977
17	7578280	G	C	1.0	0.9987
7	106508850	G	C	0.0	0.0339
14	104205305	C	T	0.0	0.9356
21	31852534	G	A	0.0	0.0242
10	89653846	C	A	1.0	0.9983
3	178948096	G	C	1.0	0.9983
10	118084821	C	T	0.0	0.0272
9	139412359	C	T	1.0	0.9542
X	16170433	G	A	0.0	0.9282
17	10426880	C	T	0.0	0.8652
17	47696429	C	T	1.0	0.9973
12	112910827	A	G	1.0	0.9884
3	178936096	G	C	1.0	0.9958
2	74787316	G	A	0.0	0.1119
6	72967833	T	C	0.0	0.2489
10	24790365	C	T	0.0	0.0231
1	147091006	G	A	1.0	0.2899
19	3118953	C	T	1.0	0.9969
7	55259557	A	G	1.0	0.9930
11	130319254	A	G	0.0	0.1416
3	49405954	C	T	1.0	0.9989
18	50683800	C	T	1.0	0.9434
17	7573984	A	G	1.0	0.9963
10	89711893	C	G	1.0	0.9988
1	47016743	C	A	0.0	0.0365
12	78511909	G	T	0.0	0.0402
8	92350403	A	G	0.0	0.1223
15	34455815	G	T	0.0	0.0249
11	65977848	C	A	0.0	0.9250
19	16910932	T	C	0.0	0.0245
15	48450996	C	G	0.0	0.1913
2	202149565	C	T	1.0	0.9484
11	77531741	G	A	0.0	0.0287
2	48602517	C	T	0.0	0.7305
3	47144870	T	G	1.0	0.9973
7	150643969	G	C	0.0	0.1297
14	74876360	G	C	0.0	0.0250
9	125551593	G	A	0.0	0.0258
1	52821912	T	C	0.0	0.0251
4	44709814	C	G	0.0	0.9560
9	21971035	T	C	1.0	0.9883
3	197239158	C	A	0.0	0.8975
7	82546073	C	A	0.0	0.0302
19	52716315	A	C	1.0	0.8762
7	151962241	G	C	1.0	0.6907
3	41274909	A	T	1.0	0.9956
2	216960741	G	T	0.0	0.0497
6	37626189	A	G	0.0	0.9305
14	20763970	A	G	0.0	0.8307
12	6806467	C	T	0.0	0.1070
7	122056162	C	G	0.0	0.7772
16	23707297	C	T	0.0	0.1521
12	10775269	A	G	0.0	0.9461
22	29091842	G	A	1.0	0.9980
8	139890007	C	T	0.0	0.1461
1	174241581	G	A	0.0	0.0498
2	21235398	C	T	0.0	0.0225
13	67801687	C	T	0.0	0.0255
17	80884366	A	T	0.0	0.0891
12	56492632	G	A	1.0	0.9779
3	50231044	C	A	0.0	0.8090
19	12963053	C	A	0.0	0.6738
14	35182132	G	A	0.0	0.0881
19	53086538	G	C	0.0	0.0239
1	147091037	G	A	1.0	0.9034
3	49397700	G	A	1.0	0.9962
19	52715982	C	G	1.0	0.9787
18	48604690	T	A	1.0	0.9975
19	52719115	G	T	1.0	0.9310
8	10102704	C	T	0.0	0.0429
14	95557649	C	A	1.0	0.9817
11	5530632	G	A	0.0	0.8088
19	20026195	A	G	0.0	0.1678
9	37541752	C	A	0.0	0.0383
15	66621720	A	G	0.0	0.0305
4	109667937	C	T	0.0	0.4602
19	39798904	T	C	0.0	0.0344
3	52651376	T	A	1.0	0.9701
3	41266838	A	T	1.0	0.9568
5	38464075	G	T	0.0	0.9731
4	57189672	C	T	0.0	0.1381
10	116060281	C	T	0.0	0.0223
18	20573153	G	A	0.0	0.0486
1	247921560	C	A	0.0	0.0238
17	37880220	T	G	1.0	0.9669
14	104251226	C	G	0.0	0.6086
2	241533429	G	T	0.0	0.8435
1	11188177	T	A	1.0	0.8595
19	10600006	C	A	1.0	0.9987
10	89692829	T	G	1.0	0.9988
12	6436602	G	A	0.0	0.0737
14	105239420	C	T	1.0	0.9275
X	3573373	C	A	0.0	0.8818
2	178098807	T	C	1.0	0.9923
19	52716078	G	C	1.0	0.9981
5	140167415	A	G	0.0	0.1097
3	178916946	G	T	1.0	0.9963
15	66729156	A	G	1.0	0.9977
3	36893786	G	A	0.0	0.8377
2	198267372	T	C	1.0	0.9569
22	20939299	T	C	0.0	0.6713
2	219259676	C	T	0.0	0.0263
10	89685305	T	C	1.0	0.9983
13	28592642	C	A	1.0	0.9981
11	63978524	G	A	0.0	0.0249
17	47696435	C	G	1.0	0.9845
8	75927146	A	T	0.0	0.5202
7	47886646	A	T	0.0	0.0455
2	202149646	C	G	1.0	0.9071
3	30732940	C	G	1.0	0.0281
14	20876303	G	C	0.0	0.0466
2	43519318	G	A	0.0	0.0732
7	143965472	T	G	0.0	0.0244
5	43645506	A	C	0.0	0.0344
6	55113494	T	C	0.0	0.8731
9	111800395	C	A	0.0	0.9457
16	68844181	G	A	1.0	0.9803
14	75134036	C	T	0.0	0.7865
17	7577593	T	G	1.0	0.9986
2	99725886	G	A	0.0	0.0630
19	49464096	C	G	1.0	0.5202
2	202141587	G	A	1.0	0.2988
19	36727964	G	T	0.0	0.1332
1	209933511	C	G	0.0	0.7321
7	55211010	G	A	1.0	0.9973
X	2936618	G	A	0.0	0.0251
20	35060148	C	T	0.0	0.8010
11	67068516	G	T	0.0	0.4824
10	103295142	G	C	0.0	0.8727
10	89711882	C	A	1.0	0.9989
X	91873704	G	C	0.0	0.0231
11	6789246	T	C	0.0	0.0226
14	23456700	G	C	0.0	0.8006
20	57769202	C	T	0.0	0.0218
1	11184570	A	G	1.0	0.9937
9	711061	G	A	0.0	0.0272
11	93826783	G	A	0.0	0.0333
3	49412946	C	A	1.0	0.9984
19	53884068	G	A	0.0	0.0241
8	26365392	G	A	0.0	0.1647
5	80168983	C	T	0.0	0.2549
17	54969126	C	G	0.0	0.1919
12	10954461	C	T	0.0	0.0234
10	89624301	G	T	1.0	0.9917
4	17659979	T	G	0.0	0.0241
12	53227929	G	A	0.0	0.0299
8	145095469	T	C	0.0	0.0230
7	116417455	G	A	1.0	0.9788
2	202149749	C	T	1.0	0.2541
9	21971077	A	G	1.0	0.9916
16	8839939	C	T	0.0	0.8508
17	37868207	T	G	1.0	0.2779
12	58145437	T	G	1.0	0.9923
18	48593393	C	G	1.0	0.9979
12	25380276	T	G	1.0	0.9988
X	23945383	G	T	0.0	0.6826
11	78177032	C	G	0.0	0.9400
1	26607295	G	A	0.0	0.5185
19	10597396	C	A	1.0	0.9987
3	52651339	A	G	1.0	0.9630
17	47696431	C	G	1.0	0.9921
8	51449338	C	A	0.0	0.9736
13	46541881	T	C	0.0	0.0305
8	21856712	T	A	0.0	0.9220
12	58145436	T	A	1.0	0.9915
7	82545106	A	G	0.0	0.3037
2	212488718	G	A	1.0	0.9585
10	89653782	A	G	1.0	0.9967
7	55233037	C	G	1.0	0.9987
7	151962204	C	A	1.0	0.9817
4	153247288	C	T	1.0	0.9981
19	10602335	G	A	1.0	0.9963
19	50208532	C	T	0.0	0.8653
8	110437383	C	T	0.0	0.0251
3	41274899	G	C	1.0	0.9942
11	55433358	G	T	0.0	0.0227
3	49412973	C	G	1.0	0.9988
22	22160227	C	T	1.0	0.9528
7	151962193	C	A	1.0	0.9687
2	241710462	C	T	0.0	0.0638
1	156616862	T	C	0.0	0.3801
2	182850885	C	A	0.0	0.0503
10	89692907	A	G	1.0	0.9989
5	150051338	G	A	0.0	0.0287
3	10188208	G	C	1.0	0.9988
3	25641006	C	A	0.0	0.0259
3	178921552	A	C	1.0	0.9980
17	47780342	C	G	0.0	0.7974
2	39213112	A	C	0.0	0.0240
2	197657825	A	G	0.0	0.5210
14	21992532	C	G	0.0	0.0732
4	134071494	A	T	0.0	0.6787
3	184039550	C	G	0.0	0.0420
1	90472926	G	A	0.0	0.2129
6	73904319	G	A	0.0	0.0370
5	52371064	G	A	0.0	0.0300
22	41565574	T	G	1.0	0.9685
10	28101521	C	T	0.0	0.0232
2	18112675	G	A	0.0	0.0559
11	534286	C	T	1.0	0.9989
2	21233399	G	A	0.0	0.0259
5	67591109	C	A	1.0	0.9976
11	65826374	C	T	0.0	0.0286
7	6426892	C	A	1.0	0.9976
11	118926221	T	C	0.0	0.9831
12	122669084	C	T	0.0	0.0270
10	89653845	A	T	1.0	0.9984
20	8705378	G	A	0.0	0.0285
1	248436317	T	A	0.0	0.0240
1	156316642	C	G	0.0	0.2378
10	89692877	G	A	1.0	0.9986
19	52716328	C	T	1.0	0.9980
7	55221739	G	T	1.0	0.9905
1	249151675	T	C	0.0	0.0310
7	55238870	G	A	1.0	0.9916
18	48591931	G	A	1.0	0.9978
4	146653660	C	T	0.0	0.0244
17	7557573	C	T	0.0	0.8967
16	30937167	G	A	0.0	0.5610
9	21971110	T	A	1.0	0.9971
19	54849264	T	A	0.0	0.0249
11	72004448	G	A	0.0	0.0315
9	21971101	G	T	1.0	0.9837
2	234591100	T	G	0.0	0.0429
1	204103702	G	C	0.0	0.0441
20	61430936	G	A	0.0	0.0301
5	160047449	G	T	0.0	0.9448
11	94231465	C	A	0.0	0.0342
3	51978147	G	A	0.0	0.0240
5	67591085	G	C	1.0	0.9981
12	56481659	G	A	1.0	0.9554
3	155232592	C	T	0.0	0.5330
20	48562681	C	T	0.0	0.8131
10	23729477	A	G	0.0	0.3661
7	87092157	C	T	0.0	0.9574
7	33946447	G	C	0.0	0.3351
2	212488717	C	A	1.0	0.9789
1	158592868	G	A	0.0	0.7580
19	55086335	C	A	0.0	0.0260
1	78189060	C	G	0.0	0.9414
9	139412381	G	A	1.0	0.4799
10	89692893	C	G	1.0	0.9988
9	107331777	C	A	0.0	0.0540
15	72190477	G	A	0.0	0.0235
7	65557819	G	T	0.0	0.2796
21	36259161	C	G	1.0	0.9918
X	122820484	A	T	0.0	0.8096
4	153247366	C	A	1.0	0.9988
5	179226572	G	T	0.0	0.0830
11	31823152	C	A	0.0	0.9410
18	29691778	C	T	0.0	0.8492
3	178916929	G	A	1.0	0.9970
19	17533153	C	T	0.0	0.8879
15	41228833	G	A	0.0	0.0244
7	94913486	G	C	0.0	0.0296
17	7577508	T	C	1.0	0.9987
2	178098804	C	G	1.0	0.5765
6	33263343	C	T	0.0	0.0306
3	41268766	A	C	1.0	0.9922
3	178952072	A	T	1.0	0.9880
16	29990752	T	G	0.0	0.8861
13	46802139	C	T	0.0	0.0232
18	21125043	C	T	0.0	0.8965
6	73843173	G	A	0.0	0.8354
5	140432442	G	A	0.0	0.7835
6	116442510	C	T	0.0	0.0240
4	55593610	T	G	1.0	0.9686
7	40277269	G	T	0.0	0.9544
17	10358358	C	T	0.0	0.9467
1	29189401	G	C	0.0	0.0276
14	57858115	G	A	0.0	0.0261
5	67591128	G	C	1.0	0.9976
3	13860785	C	T	0.0	0.2806
2	105858505	G	A	0.0	0.0308
9	139412597	C	A	1.0	0.9394
19	56320628	G	A	0.0	0.4384
1	197112121	G	C	0.0	0.0238
1	24449853	G	T	0.0	0.2481
17	7578235	T	A	1.0	0.9985
17	7578499	T	A	1.0	0.9975
7	55221773	A	G	1.0	0.4880
1	201751835	A	G	0.0	0.2563
4	100532599	C	T	0.0	0.4279
5	36976261	C	G	0.0	0.0654
1	13669152	G	A	0.0	0.0220
1	155167889	C	T	0.0	0.0237
15	66727441	T	A	1.0	0.9565
2	9017333	T	G	0.0	0.9203
4	55594223	A	C	1.0	0.9959
21	31986133	C	A	0.0	0.1027
12	15784514	G	T	0.0	0.1682
7	151962157	G	C	1.0	0.9789
3	9711148	G	T	0.0	0.1990
19	4817244	G	C	0.0	0.0221
11	46917845	C	G	0.0	0.1496
3	120499995	C	T	0.0	0.0241
18	48591889	A	G	1.0	0.9980
1	11217297	C	A	1.0	0.0422
4	159791511	C	T	0.0	0.4155
1	153660565	C	A	0.0	0.0642
11	113264381	C	T	0.0	0.0743
17	41141503	A	C	0.0	0.2971
3	78683168	G	A	0.0	0.1439
21	36259171	C	A	1.0	0.9766
4	170190323	A	G	0.0	0.8765
14	101350763	C	T	0.0	0.0233
3	49412973	C	T	1.0	0.9988
7	143096483	T	A	0.0	0.0227
2	228145235	G	A	0.0	0.9170
14	20444643	G	C	0.0	0.0280
22	50216618	G	A	0.0	0.9241
22	22160239	T	C	1.0	0.9789
9	139412245	C	A	1.0	0.9289
15	69721528	G	A	0.0	0.7657
2	209216100	T	C	0.0	0.9731
21	16339283	G	T	0.0	0.0522
17	7578493	C	G	1.0	0.8545
17	7577511	A	G	1.0	0.9987
7	6426883	A	G	1.0	0.9969
3	21706457	G	T	0.0	0.7151
7	81350162	A	C	0.0	0.0333
5	72383422	G	A	0.0	0.8843
6	136913734	G	A	0.0	0.8003
16	30667570	G	A	0.0	0.1292
19	52941461	G	T	0.0	0.0265
X	70524083	T	C	0.0	0.5427
12	112622727	G	A	0.0	0.6998
10	89653815	C	G	1.0	0.9985
9	21971105	C	G	1.0	0.9631
11	35006133	A	G	0.0	0.9241
15	96875608	G	T	0.0	0.9814
15	27778022	C	A	0.0	0.5633
12	49994884	C	T	0.0	0.0256
14	42356085	C	T	0.0	0.7399
3	178928225	C	G	1.0	0.9462
3	52651372	A	T	1.0	0.9727
2	213886733	C	A	0.0	0.5410
19	56734020	C	T	0.0	0.0267
3	178921551	A	C	1.0	0.9974
7	84727257	A	T	0.0	0.0929
1	46977903	G	T	0.0	0.0355
21	43862652	T	A	0.0	0.1342
2	179736188	C	T	0.0	0.0472
19	52716318	C	G	1.0	0.9958
22	44161240	G	A	0.0	0.0330
1	232942262	G	T	0.0	0.0236
2	202590152	T	C	0.0	0.8772
19	19655606	C	T	0.0	0.1678
3	172480757	G	A	0.0	0.6438
3	49405920	G	A	1.0	0.9988
7	140453145	A	T	1.0	0.9987
8	63985583	C	T	0.0	0.0231
12	112888165	G	A	1.0	0.9773
3	49212346	T	G	0.0	0.8324
2	165383553	C	T	0.0	0.8932
17	78013852	C	T	0.0	0.0232
19	19653357	C	T	0.0	0.0325
17	7577575	A	G	1.0	0.9971
X	65486319	G	C	0.0	0.0235
9	120476352	T	G	0.0	0.0276
19	52715970	C	A	1.0	0.9792
12	54969843	G	T	0.0	0.0337
17	62049958	C	T	0.0	0.8947
12	106633704	T	C	0.0	0.0236
19	18119372	C	T	0.0	0.0414
9	21971138	C	T	1.0	0.9622
10	89685314	T	A	1.0	0.9987
7	140449176	A	T	1.0	0.9979
7	140453193	T	G	1.0	0.9986
X	41204468	A	T	1.0	0.9966
19	43411928	T	A	0.0	0.0327
X	68060199	G	T	0.0	0.8583
21	47581412	C	T	0.0	0.0254
12	25398218	G	A	1.0	0.9990
18	48604748	T	A	1.0	0.9981
3	14768452	G	C	0.0	0.0291
14	95557639	C	A	1.0	0.9930
12	132522532	C	T	0.0	0.8798
4	154709489	C	T	0.0	0.0389
19	49797748	G	A	0.0	0.0311
13	108959245	G	A	0.0	0.0244
3	178916957	G	C	1.0	0.9982
2	1647244	C	G	0.0	0.7924
1	115258747	C	A	1.0	0.9990
19	52716334	C	G	1.0	0.9986
17	7578208	T	A	1.0	0.9985
7	151962205	C	G	1.0	0.9786
19	52714673	G	A	1.0	0.9967
10	115338445	G	A	0.0	0.0234
17	40475058	C	G	1.0	0.9903
10	89653785	T	G	1.0	0.9982
22	29092971	A	C	1.0	0.9933
5	40981622	G	A	0.0	0.7518
2	100058827	T	A	0.0	0.1218
18	48593466	C	T	1.0	0.9980
3	138739226	C	T	0.0	0.0228
1	243289797	C	G	0.0	0.9462
19	2433894	G	A	0.0	0.0289
12	8998726	G	A	0.0	0.0245
12	105569824	C	T	0.0	0.0809
X	5821359	C	T	0.0	0.2177
17	1543920	T	C	0.0	0.0437
18	44260100	C	A	0.0	0.8567
1	245850244	G	A	0.0	0.0237
18	45368254	C	T	1.0	0.9955
18	48591919	G	C	1.0	0.9984
3	178916873	G	C	1.0	0.9984
5	67591102	C	A	1.0	0.9977
18	48604747	C	G	1.0	0.9981
16	54966534	C	T	0.0	0.9858
3	33614665	C	A	0.0	0.7562
7	20782554	C	T	0.0	0.8484
7	140454004	C	T	1.0	0.9972
2	44073349	C	A	0.0	0.4641
2	73188358	G	A	0.0	0.4414
21	47533976	C	T	0.0	0.8948
10	96495160	C	A	0.0	0.0245
9	21971006	C	G	1.0	0.9776
5	151179550	G	A	0.0	0.2905
10	89692829	T	C	1.0	0.9989
8	73848875	C	T	0.0	0.9925
19	7987224	C	T	0.0	0.3241
7	55241722	G	A	1.0	0.9980
16	28990481	C	G	0.0	0.9595
4	153249501	G	A	1.0	0.9978
17	7577517	A	G	1.0	0.9985
3	119150879	T	A	0.0	0.6676
5	36257658	C	T	0.0	0.0245
4	55593652	C	A	1.0	0.9944
2	178098815	T	C	1.0	0.9968
16	30997777	C	A	0.0	0.0312
5	140803124	G	T	0.0	0.0253
18	7009253	C	T	0.0	0.6551
2	152512686	A	G	0.0	0.7888
3	178948101	A	G	1.0	0.9938
3	19556833	G	A	0.0	0.0813
14	57741516	C	G	0.0	0.0857
17	47696643	A	G	1.0	0.9954
10	135197569	T	A	0.0	0.9006
14	96152890	G	A	0.0	0.2715
17	7579374	C	T	1.0	0.9970
17	7578551	A	T	1.0	0.9986
4	101953424	C	G	0.0	0.8229
2	168105419	G	A	0.0	0.0226
12	56492623	G	C	1.0	0.9719
19	52716085	A	G	1.0	0.9911
3	50679702	G	A	0.0	0.2838
18	48591900	G	T	1.0	0.9985
17	47696431	C	A	1.0	0.9877
7	55233036	C	T	1.0	0.9984
15	84683294	G	T	0.0	0.7808
1	15788083	A	C	0.0	0.0267
X	49850695	G	T	0.0	0.9984
20	58519040	G	T	0.0	0.0240
1	115321893	G	A	0.0	0.9204
11	55579540	T	A	0.0	0.0435
1	185878634	C	G	0.0	0.1454
11	74056662	A	G	0.0	0.8147
3	10188248	A	T	1.0	0.9988
7	56082739	C	T	0.0	0.9195
6	137466873	T	C	0.0	0.0261
2	74327840	A	T	0.0	0.0277
19	49459546	C	G	1.0	0.9001
X	24024572	G	C	0.0	0.0578
4	55599314	G	T	1.0	0.9977
19	56042689	G	T	0.0	0.3005
19	52716214	G	A	1.0	0.9909
20	44037441	C	A	0.0	0.3609
1	157512802	C	T	0.0	0.0243
11	31815594	C	T	0.0	0.9817
6	35604865	C	T	0.0	0.9642
3	178916933	A	G	1.0	0.9958
2	167055757	C	T	0.0	0.5837
7	55233043	G	A	1.0	0.9979
3	178922370	A	G	1.0	0.9925
9	139412306	G	A	1.0	0.2538
17	1673326	C	T	0.0	0.0751
15	66727443	T	G	1.0	0.9198
1	236341813	G	T	0.0	0.1251
7	99631591	C	G	0.0	0.2078
1	155256991	G	A	0.0	0.7789
14	60494625	G	T	0.0	0.2266
8	144993407	C	T	0.0	0.0346
16	24965944	C	T	0.0	0.3857
3	38524693	C	T	0.0	0.9270
13	99091388	C	T	0.0	0.9432
9	95772649	A	T	0.0	0.8968
21	40641908	T	A	0.0	0.9801
17	47237949	T	C	0.0	0.5248
1	115258734	T	G	1.0	0.9990
3	47144879	C	A	1.0	0.9978
6	24357720	C	T	0.0	0.9632
19	36342181	A	T	0.0	0.2460
8	73849485	A	T	0.0	0.0380
10	70670979	A	G	0.0	0.0248
4	55599327	A	G	1.0	0.0813
7	151962193	C	T	1.0	0.8524
19	58455307	G	A	0.0	0.1230
22	41566460	A	G	1.0	0.9699
10	89624270	G	C	1.0	0.9977
2	233671363	A	T	0.0	0.0339
2	103067427	A	T	0.0	0.1442
17	7212975	C	G	0.0	0.5363
10	89653806	T	A	1.0	0.9982
19	20003536	C	A	0.0	0.0238
6	35088778	T	C	0.0	0.4643
10	123279672	G	A	1.0	0.9957
1	248437041	A	T	0.0	0.0355
19	39232449	G	C	0.0	0.8766
1	178252773	A	C	0.0	0.6663
6	145156965	G	C	0.0	0.0707
8	142228405	G	A	0.0	0.5436
17	72998278	C	T	0.0	0.5549
14	79432448	G	A	0.0	0.0366
8	125107185	C	A	0.0	0.1985
3	178916726	G	T	1.0	0.9971
4	138453028	C	T	0.0	0.5325
3	178922364	G	T	1.0	0.9966
19	803572	C	G	0.0	0.0389
3	10188309	T	A	1.0	0.9988
2	198266713	C	T	1.0	0.9552
17	7577581	A	T	1.0	0.9986
19	31770038	C	T	0.0	0.3509
16	66884515	G	A	0.0	0.0244
21	38520907	A	G	0.0	0.8880
11	62402362	C	T	0.0	0.0286
9	21971053	G	A	1.0	0.9641
19	10610235	C	G	1.0	0.9968
2	242163194	G	A	0.0	0.0312
9	71628533	T	G	0.0	0.8934
6	51484145	G	C	0.0	0.0230
7	140453193	T	C	1.0	0.9983
16	30510399	C	T	0.0	0.6607
4	147215141	G	A	0.0	0.8698
1	114454778	G	C	0.0	0.4626
7	55259533	C	T	1.0	0.9945
2	231264899	G	A	0.0	0.2077
17	7578520	A	T	1.0	0.9983
3	41268778	C	A	1.0	0.9958
3	47155459	T	C	1.0	0.9810
1	115256463	G	C	1.0	0.9972
3	47147518	T	C	1.0	0.9974
10	108521404	C	T	0.0	0.5471
17	7577113	A	C	1.0	0.9988
3	49405963	C	T	1.0	0.9989
7	26729921	C	T	0.0	0.0223
2	178098816	C	G	1.0	0.9952
7	102097908	C	T	0.0	0.8479
6	107956487	C	G	0.0	0.0240
16	1399452	G	A	0.0	0.0568
5	179294796	C	T	0.0	0.0361
15	85382276	C	T	0.0	0.6077
17	7577090	C	T	1.0	0.9980
17	7578554	A	C	1.0	0.9987
14	95560364	T	C	1.0	0.9884
15	90631837	C	G	1.0	0.9966
X	132351404	A	G	0.0	0.9088
12	133732444	T	A	0.0	0.0281
7	151962213	T	C	1.0	0.9138
4	114277636	C	T	0.0	0.0261
17	7578464	G	A	1.0	0.6930
X	26212255	C	A	0.0	0.0228
2	202149791	C	A	1.0	0.9625
12	112926872	C	T	1.0	0.9981
10	89692888	T	G	1.0	0.9989
16	20487009	G	T	0.0	0.7217
2	179640747	C	G	0.0	0.0909
10	89692920	T	A	1.0	0.9989
1	104114837	G	C	0.0	0.0331
19	55396884	G	A	0.0	0.0232
X	22129615	G	T	0.0	0.0694
1	11217303	C	G	1.0	0.9637
21	34900500	C	G	0.0	0.0291
3	178936070	G	A	1.0	0.9970
3	124459038	A	G	0.0	0.0248
20	46276031	G	A	0.0	0.8072
2	202149749	C	G	1.0	0.3049
5	76732151	C	T	0.0	0.5455
X	11174686	C	T	0.0	0.1604
19	52716329	G	A	1.0	0.9970
11	18745680	A	G	0.0	0.0295
19	57088680	C	G	0.0	0.0259
14	75497395	T	G	0.0	0.0583
4	57350926	G	T	0.0	0.0260
1	209806436	T	C	0.0	0.0339
7	6426860	G	A	1.0	0.9988
19	10610211	C	A	1.0	0.9940
4	71693664	G	A	0.0	0.0713
17	56540463	C	T	0.0	0.0247
11	534291	G	T	1.0	0.9981
5	36972051	G	C	0.0	0.2872
19	43772239	G	A	0.0	0.0240
2	230657815	G	A	0.0	0.8938
10	78713682	C	A	0.0	0.4801
5	67591099	C	G	1.0	0.9977
17	7577544	A	G	1.0	0.9988
2	198266711	T	G	1.0	0.9560
6	7370162	A	T	0.0	0.1633
8	74939051	C	T	0.0	0.4057
6	34512084	G	A	0.0	0.0492
7	73933803	C	T	0.0	0.0231
2	170460568	A	G	0.0	0.1848
4	153245437	C	G	1.0	0.9949
11	533550	C	T	1.0	0.9634
22	22162014	C	T	1.0	0.9449
1	74492567	T	C	0.0	0.0517
11	5020810	T	C	0.0	0.0964
X	101911927	C	T	0.0	0.0266
10	89692975	T	A	1.0	0.9977
7	151962208	G	A	1.0	0.9835
20	17596624	T	A	0.0	0.0257
1	11188173	T	C	1.0	0.9427
3	49412900	G	C	1.0	0.9984
11	710430	A	G	0.0	0.9015
12	101560282	T	A	0.0	0.0293
9	21971006	C	T	1.0	0.9663
15	41229089	A	C	0.0	0.0397
19	8601843	C	T	0.0	0.8979
19	52147175	C	T	0.0	0.0242
17	7578403	C	G	1.0	0.9988
12	53462035	C	G	0.0	0.9577
2	196709754	A	G	0.0	0.8117
14	104640061	G	T	0.0	0.2351
20	50234046	C	T	0.0	0.9182
10	89711881	A	G	1.0	0.9988
10	89711890	A	C	1.0	0.9989
9	139412327	A	G	1.0	0.9492
17	7578427	T	G	1.0	0.9969
4	82065400	T	G	0.0	0.0321
4	55599309	G	T	1.0	0.9987
19	39106841	A	T	0.0	0.9519
15	23890456	C	G	0.0	0.0227
6	143074555	C	A	0.0	0.0223
14	104205089	C	T	0.0	0.8380
1	109794328	C	T	0.0	0.0537
11	4389154	G	C	0.0	0.0534
1	32127277	C	T	0.0	0.9215
13	114507949	G	T	0.0	0.0483
21	44437072	G	A	0.0	0.5483
19	10610235	C	A	1.0	0.9876
1	147091036	C	T	1.0	0.9448
12	68708818	C	A	0.0	0.0239
7	140453149	C	T	1.0	0.9988
2	197298033	C	T	0.0	0.0983
4	85600267	C	T	0.0	0.0595
2	169792772	G	C	0.0	0.2495
17	7579359	G	A	1.0	0.9289
11	65983668	G	C	0.0	0.3061
4	153247367	G	C	1.0	0.9989
8	142227206	G	A	0.0	0.9372
11	55136162	G	T	0.0	0.1286
8	139628246	C	T	0.0	0.0361
17	7577539	G	C	1.0	0.9988
7	116423407	G	C	1.0	0.9988
4	147179885	A	C	0.0	0.2870
10	89711900	G	T	1.0	0.9986
3	124692706	C	G	0.0	0.8217
11	533873	C	A	1.0	0.9975
15	66729174	G	C	1.0	0.9986
3	10188254	A	C	1.0	0.9950
13	42795487	T	C	0.0	0.7033
17	7578401	G	T	1.0	0.9988
1	220153444	T	G	0.0	0.8313
7	55221711	G	C	1.0	0.9942
19	36015641	G	T	0.0	0.3303
2	48915545	C	T	0.0	0.9571
18	48591925	G	C	1.0	0.9978
17	7577093	C	T	1.0	0.9981
2	198266837	G	C	1.0	0.6702
17	40474485	G	A	1.0	0.9725
18	48591895	A	G	1.0	0.9979
3	10183771	T	A	1.0	0.9928
6	49456118	G	C	0.0	0.0233
22	35799497	A	C	0.0	0.0461
3	178922366	T	A	1.0	0.9887
13	32355863	G	A	0.0	0.0240
14	95557638	T	A	1.0	0.9858
17	7578227	C	T	1.0	0.9986
X	150869482	G	A	0.0	0.0223
17	7578551	A	G	1.0	0.9987
19	31768367	C	T	0.0	0.2094
14	70925091	A	T	0.0	0.0739
19	56459501	C	A	0.0	0.0237
5	31299636	C	A	0.0	0.4577
11	64893016	G	A	0.0	0.0685
17	47696438	T	C	1.0	0.9570
16	67424890	C	T	0.0	0.9249
19	54634798	T	C	0.0	0.8197
6	25726524	G	A	0.0	0.9845
3	10188246	T	A	1.0	0.9988
1	238053434	C	G	0.0	0.3489
12	112926248	G	A	1.0	0.9857
4	4276163	G	A	0.0	0.0235
9	125315750	A	T	0.0	0.0444
3	178916881	T	G	1.0	0.9987
7	151962148	C	G	1.0	0.1997
X	9864618	G	T	0.0	0.0312
3	49294417	G	A	0.0	0.0222
19	10610253	G	C	1.0	0.0348
22	47089360	C	T	0.0	0.0266
9	21971138	C	A	1.0	0.9782
7	106871079	G	A	0.0	0.8947
6	29054278	G	T	0.0	0.0243
17	38183268	C	T	0.0	0.0315
2	233635925	C	T	0.0	0.3673
17	7578400	G	T	1.0	0.9988
13	21746492	A	T	0.0	0.0277
19	52716212	C	T	1.0	0.9932
20	13260377	C	T	0.0	0.0339
15	24924348	G	A	0.0	0.1108
16	77389870	G	A	0.0	0.0905
9	21974678	T	C	1.0	0.9960
7	40134425	A	G	0.0	0.2751
11	1024966	G	A	0.0	0.0405
15	73615136	T	G	0.0	0.0276
8	11189480	G	A	0.0	0.0622
2	187626300	C	A	0.0	0.2479
2	178098816	C	A	1.0	0.9967
14	75200780	A	G	0.0	0.7705
19	57175630	C	T	0.0	0.0230
19	3118943	G	T	1.0	0.9712
22	22127167	C	T	1.0	0.8824
22	29092947	C	T	1.0	0.9896
2	196602809	G	A	0.0	0.0309
6	34507062	T	C	0.0	0.7453
13	52684507	C	A	0.0	0.9818
1	159410378	C	G	0.0	0.0414
3	41274906	A	G	1.0	0.9941
17	7578536	T	G	1.0	0.9988
3	47158203	C	A	1.0	0.9270
17	16612273	G	C	0.0	0.0338
4	173232844	T	G	0.0	0.8058
16	21073961	C	T	0.0	0.8077
17	38854498	T	G	0.0	0.0249
9	80343580	G	C	1.0	0.9618
1	11217230	C	T	1.0	0.9558
20	8737819	G	T	0.0	0.0227
10	5803383	C	A	0.0	0.0287
2	179605742	G	A	0.0	0.0248
6	105526452	G	C	0.0	0.0276
3	178936099	G	C	1.0	0.9966
3	52651357	T	C	1.0	0.9846
17	7578445	A	T	1.0	0.9987
9	93375673	G	T	0.0	0.6895
5	140595562	G	A	0.0	0.3208
17	62290608	T	C	0.0	0.2919
22	41566456	G	A	1.0	0.9483
22	22842376	G	A	0.0	0.6351
17	7577108	C	T	1.0	0.9988
19	51205807	G	A	0.0	0.4471
7	140453133	T	G	1.0	0.9988
5	178541064	G	T	0.0	0.0277
10	115971643	G	A	0.0	0.9562
22	43604213	T	A	0.0	0.7953
17	76047470	A	T	0.0	0.0368
1	212964981	G	A	0.0	0.0775
1	31409636	C	T	0.0	0.8770
14	21897268	G	A	0.0	0.0282
3	49412903	C	A	1.0	0.9950
9	131513538	C	A	0.0	0.6072
3	47158149	C	A	1.0	0.9644
7	117023053	C	A	0.0	0.0629
10	89692900	G	C	1.0	0.9989
3	30732942	G	A	1.0	0.9753
17	7578202	A	C	1.0	0.9985
7	6431650	G	A	1.0	0.9951
4	138442346	G	A	0.0	0.1018
4	86491791	G	T	0.0	0.9436
14	76905940	G	A	0.0	0.0278
12	56478852	G	A	1.0	0.9984
6	21000533	G	T	0.0	0.9011
9	139412284	T	G	1.0	0.8723
2	128699592	C	G	0.0	0.7762
8	24188700	C	G	0.0	0.0242
1	196876452	C	T	0.0	0.0237
12	109520483	A	G	0.0	0.0245
1	91406009	G	C	0.0	0.0302
8	1497669	G	C	0.0	0.9237
3	47155460	T	G	1.0	0.9907
8	41397443	C	T	0.0	0.0256
3	52649438	A	T	1.0	0.9351
9	139412360	A	T	1.0	0.9496
11	56185039	C	T	0.0	0.0492
12	111923644	G	A	0.0	0.3750
4	6642874	G	C	0.0	0.0256
18	2891206	A	C	0.0	0.1270
5	67591085	G	T	1.0	0.9982
14	20216239	C	T	0.0	0.2458
3	121417268	A	T	0.0	0.3102
19	10506744	C	G	0.0	0.0254
X	41204467	G	T	1.0	0.9917
6	43487520	G	A	0.0	0.9868
8	144941126	G	A	0.0	0.0361
8	136554958	A	T	0.0	0.8857
1	214169993	G	A	0.0	0.4402
7	42088216	C	A	0.0	0.0328
15	83933147	C	T	0.0	0.0222
19	40715124	G	A	0.0	0.0443
X	54982613	T	C	0.0	0.9616
7	47876598	G	A	0.0	0.0295
17	7578226	T	A	1.0	0.9988
17	7578449	C	G	1.0	0.9970
15	23889981	C	A	0.0	0.0384
4	153247254	A	C	1.0	0.9990
16	4934149	C	T	0.0	0.1154
4	166978447	G	A	0.0	0.0300
11	1629390	C	T	0.0	0.0352
22	41565523	T	G	1.0	0.9596
2	212426717	G	A	1.0	0.9870
2	198267359	C	G	1.0	0.9387
17	7578522	T	A	1.0	0.9984
17	40840572	G	C	0.0	0.0472
16	71007829	A	T	0.0	0.6943
2	198267481	T	C	1.0	0.9962
1	201052428	G	A	0.0	0.9315
9	36087828	C	T	0.0	0.6256
17	7578496	A	T	1.0	0.9985
21	46931086	C	T	0.0	0.0433
17	7578406	C	A	1.0	0.9989
5	67589147	A	G	1.0	0.9983
1	77516012	G	C	0.0	0.3345
7	55242506	T	A	1.0	0.9987
3	41268760	A	T	1.0	0.9881
11	55655665	C	T	0.0	0.0237
15	89400503	G	C	0.0	0.0231
17	76127788	C	T	0.0	0.0399
17	29850576	G	A	0.0	0.7452
12	113312915	G	T	0.0	0.0257
16	1612009	G	A	0.0	0.9405
1	19632595	C	T	0.0	0.2096
9	21971023	C	T	1.0	0.5215
2	198266493	A	T	1.0	0.5931
19	56736039	T	G	0.0	0.0301
11	62521078	T	A	0.0	0.2389
11	55594902	G	A	0.0	0.0273
11	1025271	C	T	0.0	0.0255
4	134072866	A	G	0.0	0.1640
5	57913562	C	A	0.0	0.9855
18	3581921	C	A	0.0	0.0252
12	12232486	G	A	0.0	0.0221
3	49412884	C	T	1.0	0.9965
2	99651877	T	A	0.0	0.0708
17	7577088	T	G	1.0	0.9967
17	7577077	C	G	1.0	0.3846
10	89624296	G	C	1.0	0.9975
19	10610240	T	C	1.0	0.2430
1	11217231	A	G	1.0	0.9590
22	41565529	G	T	1.0	0.9682
19	42398285	C	T	0.0	0.1164
1	247752340	G	A	0.0	0.0226
6	146215353	A	G	0.0	0.8916
10	128118392	C	T	0.0	0.0255
1	11217290	T	G	1.0	0.9817
6	90406215	A	T	0.0	0.8393
2	202245294	G	A	0.0	0.0236
3	49412907	A	C	1.0	0.9985
1	119575734	C	T	0.0	0.0224
2	198267364	T	A	1.0	0.9631
1	115256451	C	T	1.0	0.8969
X	2408513	G	A	0.0	0.0299
X	83724375	C	T	0.0	0.0230
1	86590590	C	A	0.0	0.2007
7	120382645	G	A	0.0	0.7971
18	48604703	T	G	1.0	0.9977
11	57068043	C	A	0.0	0.0821
6	6225024	G	T	0.0	0.9957
10	32329356	A	C	1.0	0.9870
19	10610275	G	C	1.0	0.9814
5	67591077	G	C	1.0	0.9983
11	55703071	G	A	0.0	0.0371
21	30693632	T	C	0.0	0.3637
12	102131607	C	G	0.0	0.0264
17	13400097	A	G	0.0	0.9104
14	42356450	C	G	0.0	0.5401
10	89653802	G	A	1.0	0.9979
19	1005239	G	C	0.0	0.7212
19	17115116	C	T	0.0	0.0232
3	10183797	T	A	1.0	0.9970
3	10191480	T	A	1.0	0.9987
12	58145430	C	A	1.0	0.9907
7	119915599	C	T	0.0	0.9854
7	151962147	T	A	1.0	0.2880
6	65300411	A	C	0.0	0.0236
22	29752433	T	C	0.0	0.7322
2	228564073	C	T	0.0	0.9899
9	21971035	T	A	1.0	0.9887
9	21971111	G	C	1.0	0.3159
19	10610207	A	C	1.0	0.8835
9	21971140	G	T	1.0	0.7737
11	124266739	C	T	0.0	0.0227
10	465069	C	G	0.0	0.1178
8	136594204	G	A	0.0	0.0771
4	140307314	C	T	0.0	0.0367
10	121691695	A	C	0.0	0.0374
4	55594204	C	T	1.0	0.9948
4	100870839	G	A	0.0	0.0399
19	51022129	C	T	0.0	0.8087
1	158517704	C	T	0.0	0.1934
22	41566475	A	G	1.0	0.9665
9	35869662	G	A	0.0	0.0237
10	89653842	G	A	1.0	0.9981
17	7577547	C	G	1.0	0.9988
17	74473293	G	A	0.0	0.0274
3	119526101	G	A	0.0	0.1430
12	21448655	T	A	0.0	0.0243
7	6426850	G	A	1.0	0.9989
8	104388056	C	G	0.0	0.9157
20	16485148	G	C	0.0	0.9769
X	22231059	G	A	0.0	0.9295
12	47628923	A	G	0.0	0.0365
15	23931920	G	A	0.0	0.0604
12	6761577	C	G	0.0	0.0742
19	10610246	A	G	1.0	0.9665
17	7578264	G	C	1.0	0.9975
7	55241707	G	T	1.0	0.9973
6	128134969	G	A	0.0	0.0814
8	79710383	G	A	0.0	0.8452
X	3241030	G	A	0.0	0.0222
17	7578499	T	G	1.0	0.9983
21	44486442	C	T	0.0	0.8417
3	52651339	A	T	1.0	0.9755
17	7578404	A	C	1.0	0.9989
3	10188262	A	T	1.0	0.9837
22	41566487	A	G	1.0	0.9364
1	179985006	C	G	0.0	0.1126
17	40474479	G	A	1.0	0.9053
15	51350502	G	T	0.0	0.4598
1	154995700	C	A	0.0	0.1859
7	140454026	G	C	1.0	0.9946
15	27777758	C	A	0.0	0.0353
2	33442709	C	A	0.0	0.8278
16	74908238	G	A	0.0	0.9502
11	1017255	G	A	0.0	0.0263
4	158256933	C	A	0.0	0.6009
9	139412245	C	T	1.0	0.9322
3	12475550	C	T	1.0	0.7066
19	22941413	G	A	0.0	0.0246
1	20246921	C	A	0.0	0.0338
2	204244965	G	A	0.0	0.8121
13	28608113	G	A	1.0	0.9799
12	121861308	G	A	0.0	0.9189
16	57938642	C	T	0.0	0.9867
7	72413633	C	T	0.0	0.0251
12	43769272	C	T	0.0	0.0254
2	179701780	C	T	0.0	0.0631
12	25380274	C	T	1.0	0.9989
3	196454927	G	A	0.0	0.8802
3	178952079	A	T	1.0	0.9983
14	101348427	C	T	0.0	0.0228
11	82880048	T	C	0.0	0.0311
9	95838183	G	T	0.0	0.8540
6	42232494	T	A	0.0	0.7738
17	7578401	G	A	1.0	0.9987
7	151962210	T	G	1.0	0.9559
5	79734575	A	G	0.0	0.0223
19	18971148	G	C	0.0	0.4204
2	241810830	T	A	0.0	0.1360
19	55255396	C	T	0.0	0.0231
19	45872219	T	C	1.0	0.9568
11	47315515	G	A	0.0	0.0582
2	196866496	G	C	0.0	0.2020
16	68845623	A	G	1.0	0.9530
4	187209638	A	T	0.0	0.0409
11	124750331	T	A	0.0	0.6000
20	55803330	G	A	0.0	0.9273
11	64514806	A	C	0.0	0.0363
3	52651336	A	G	1.0	0.4097
7	16650366	T	C	0.0	0.4661
4	153249384	C	G	1.0	0.9988
14	104642774	G	A	0.0	0.0226
X	70679529	G	T	0.0	0.1994
18	48593397	T	G	1.0	0.9976
16	61854981	A	C	0.0	0.2259
9	75403364	G	T	0.0	0.9269
5	82808189	G	A	0.0	0.1552
X	119388780	G	A	0.0	0.0917
3	142030480	G	A	0.0	0.0282
2	24051734	C	T	0.0	0.8646
9	21971113	A	T	1.0	0.9951
15	65756107	C	T	0.0	0.9327
5	167645355	G	T	0.0	0.4107
15	90349253	C	T	0.0	0.8270
15	90931587	A	G	0.0	0.0425
